{"cameraMode":{"drawMode":0,"name":"Shaded","section":"Shading Mode"},"sceneLighting":true,"audioPlay":false,"sceneViewState":{"m_AlwaysRefresh":false,"showFog":true,"showSkybox":true,"showFlares":true,"showImageEffects":true,"showParticleSystems":true,"showVisualEffectGraphs":true,"m_FxEnabled":true},"in2DMode":false,"pivot":{"x":-0.40919703245162966,"y":0.27452200651168826,"z":1.2945048809051514},"rotation":{"x":0.007499832659959793,"y":0.005999841261655092,"z":-0.00004498658745433204,"w":0.999954342842102},"size":2.359543800354004,"orthographic":true}